# r500 kpc (err lo/hi), M500 in 1e14 Msun (err lo/hi), gas fraction at r500 (err lo/hi), sample
# Vikhlinin+2006 (astro-ph/0507092, Table 3, h=0.72) -- copied verbatim from the page; Sun+2009 (0805.2320, Table 3, h=0.73),
# only groups with DIRECT M500 (extrapolated values in parentheses excluded); column sums verified in browser
# (Sun: 23 rows, r500 13794, M500 174.9 [1e13], fgas 1.875). Duplicates A1991, MKW4: Sun values kept (pre-registered rule).
name,r500,r_lo,r_hi,M500,M_lo,M_hi,fg,fg_lo,fg_hi,sample
A133,998,37,37,3.14,0.36,0.36,0.084,0.006,0.006,V06
A383,956,33,33,3.10,0.32,0.32,0.122,0.007,0.007,V06
A478,1359,60,60,7.83,1.04,1.04,0.118,0.011,0.011,V06
A907,1117,31,31,4.71,0.39,0.39,0.121,0.005,0.005,V06
A1413,1339,48,48,7.78,0.83,0.83,0.104,0.007,0.007,V06
A1795,1283,46,46,6.57,0.69,0.69,0.098,0.007,0.007,V06
A2029,1380,31,31,8.29,0.79,0.79,0.121,0.007,0.007,V06
A2390,1448,49,49,10.88,1.05,1.05,0.138,0.008,0.008,V06
NGC1550,465,19,15,0.318,0.037,0.032,0.097,0.009,0.012,S09
MKW4,538,29,24,0.485,0.068,0.071,0.086,0.009,0.009,S09
3C442A,495,16,12,0.390,0.040,0.022,0.068,0.003,0.006,S09
UGC5088,364,19,27,0.148,0.024,0.036,0.049,0.010,0.008,S09
NGC4104,535,20,19,0.485,0.053,0.055,0.069,0.006,0.009,S09
A1177,550,27,29,0.528,0.073,0.084,0.060,0.007,0.009,S09
NGC6269,645,52,50,0.849,0.201,0.197,0.076,0.010,0.011,S09
ESO306-017,690,30,44,1.03,0.13,0.21,0.081,0.011,0.010,S09
NGC5098,398,33,17,0.200,0.046,0.028,0.108,0.012,0.021,S09
A160,626,31,27,0.790,0.110,0.106,0.085,0.008,0.009,S09
UGC842,570,45,84,0.560,0.110,0.260,0.056,0.014,0.012,S09
A2717,732,32,49,1.29,0.17,0.27,0.076,0.010,0.010,S09
RXJ1022+3830,631,41,32,0.800,0.140,0.131,0.075,0.013,0.007,S09
AS1101,768,65,90,1.41,0.34,0.50,0.114,0.020,0.021,S09
ESO351-021,437,38,78,0.322,0.090,0.180,0.074,0.018,0.013,S09
A3880,799,68,89,1.49,0.35,0.50,0.088,0.021,0.016,S09
A1991,749,35,45,1.34,0.19,0.25,0.094,0.012,0.010,S09
A1275,592,50,87,0.690,0.167,0.300,0.094,0.031,0.018,S09
A2092,659,40,45,0.895,0.162,0.181,0.078,0.013,0.013,S09
A2462,646,30,30,0.880,0.119,0.129,0.099,0.009,0.011,S09
RXJ1159,630,30,77,0.830,0.112,0.310,0.065,0.012,0.007,S09
A1692,658,47,64,0.970,0.191,0.299,0.090,0.020,0.014,S09
A2550,617,27,74,0.790,0.100,0.290,0.093,0.016,0.011,S09
