# Sun+2009 (0805.2320) Table 3 r2500 (kpc, -/+), fgas,2500 (-/+); z from Table 1. z for NGC383 (0.0170) from memory;
# RXJ1159 z = 0.0810 from Vikhlinin+2006 Table 1 (name mismatch on page). Column sums verified: 43 rows, r2500 11469, fg 1.945.
name,z,r,r_lo,r_hi,fg,fg_lo,fg_hi
NGC1550,0.0124,222,6,6,0.056,0.003,0.003
NGC3402,0.0153,205,22,62,0.032,0.014,0.008
A262,0.0163,288,16,17,0.064,0.007,0.005
NGC383,0.0170,252,20,35,0.031,0.004,0.003
3C449,0.0171,211,21,11,0.041,0.004,0.006
NGC533,0.0185,207,29,18,0.031,0.004,0.005
NGC741,0.0185,214,14,20,0.026,0.003,0.004
MKW4,0.0200,259,8,12,0.047,0.003,0.002
A3581,0.0230,259,17,22,0.067,0.007,0.006
NGC5129,0.0230,174,9,7,0.035,0.003,0.004
NGC1132,0.0233,215,11,11,0.039,0.002,0.005
UGC2755,0.0245,188,12,11,0.031,0.005,0.005
NGC4325,0.0257,212,31,31,0.037,0.007,0.014
HCG51,0.0258,275,14,13,0.028,0.003,0.003
3C442A,0.0263,277,15,16,0.028,0.002,0.003
UGC5088,0.0274,163,8,10,0.029,0.003,0.003
NGC6338,0.0274,288,11,13,0.053,0.003,0.003
NGC4104,0.0282,274,12,12,0.036,0.003,0.003
RBS461,0.0296,318,27,25,0.059,0.006,0.006
ESO552-020,0.0314,297,24,27,0.039,0.005,0.005
A1177,0.0316,264,25,20,0.037,0.004,0.004
IC1262,0.0326,330,40,20,0.045,0.010,0.004
NGC6269,0.0348,232,21,27,0.044,0.004,0.003
ESO306-017,0.0358,337,14,16,0.052,0.004,0.003
NGC5098,0.0368,195,13,17,0.048,0.004,0.006
A1139,0.0398,298,36,37,0.026,0.008,0.016
A160,0.0447,286,23,25,0.043,0.004,0.003
UGC842,0.0452,276,29,23,0.032,0.003,0.003
A2717,0.0498,342,11,13,0.053,0.003,0.003
RXJ1022+3830,0.0543,326,23,25,0.038,0.005,0.004
AS1101,0.0564,362,18,21,0.085,0.008,0.008
ESO351-021,0.0571,194,35,28,0.036,0.005,0.007
A3880,0.0581,309,12,24,0.074,0.007,0.005
A1991,0.0587,348,10,13,0.066,0.004,0.004
A1275,0.0637,202,9,12,0.069,0.004,0.004
A2092,0.0669,283,24,34,0.050,0.007,0.006
RXJ1206-0744,0.0680,248,27,28,0.053,0.007,0.009
A1238,0.0720,272,59,63,0.035,0.008,0.008
A744,0.0729,325,24,30,0.046,0.006,0.005
A2462,0.0733,327,12,13,0.052,0.003,0.003
RXJ1159,0.0810,273,13,15,0.042,0.003,0.003
A1692,0.0848,356,32,42,0.043,0.006,0.006
A2550,0.122,286,9,9,0.067,0.004,0.003
