# SPARC (Lelli+2016) main table: galaxy, inclination (deg), error, quality flag (1 best). Read in browser; 175 rows, inclination sum 10344.
name,inc,e_inc,Q
CamB,65,5,2
D512-2,56,10,2
D564-8,63,7,2
D631-7,59,3,1
DDO064,60,5,1
DDO154,64,3,2
DDO161,70,10,1
DDO168,63,6,2
DDO170,66,7,2
ESO079-G014,79,5,1
ESO116-G012,74,3,1
ESO444-G084,32,6,2
ESO563-G021,83,3,1
F561-1,24,10,3
F563-1,25,5,1
F563-V1,60,10,3
F563-V2,29,10,1
F565-V2,60,10,2
F567-2,20,10,3
F568-1,26,5,1
F568-3,40,10,1
F568-V1,40,10,1
F571-8,85,5,1
F571-V1,30,10,2
F574-1,65,10,1
F574-2,30,10,3
F579-V1,26,10,1
F583-1,63,5,1
F583-4,55,10,1
IC2574,75,7,2
IC4202,90,1,1
KK98-251,59,5,2
NGC0024,64,3,1
NGC0055,77,3,2
NGC0100,89,1,1
NGC0247,74,3,2
NGC0289,46,5,2
NGC0300,42,10,2
NGC0801,80,1,1
NGC0891,90,1,1
NGC1003,67,5,1
NGC1090,64,3,1
NGC1705,80,10,3
NGC2366,68,5,3
NGC2403,63,3,1
NGC2683,80,5,2
NGC2841,76,10,1
NGC2903,66,3,1
NGC2915,56,4,2
NGC2955,56,7,1
NGC2976,61,10,2
NGC2998,58,2,1
NGC3109,70,5,1
NGC3198,73,3,1
NGC3521,75,5,1
NGC3726,53,2,2
NGC3741,70,4,1
NGC3769,70,2,2
NGC3877,76,1,2
NGC3893,49,2,1
NGC3917,79,2,1
NGC3949,55,2,2
NGC3953,62,1,1
NGC3972,77,1,1
NGC3992,56,2,1
NGC4010,89,1,2
NGC4013,89,1,2
NGC4051,49,3,2
NGC4068,44,6,2
NGC4085,82,2,2
NGC4088,69,2,1
NGC4100,73,2,1
NGC4138,53,3,2
NGC4157,82,3,1
NGC4183,82,2,1
NGC4214,15,10,2
NGC4217,86,2,1
NGC4389,50,4,3
NGC4559,67,1,1
NGC5005,68,2,1
NGC5033,66,1,1
NGC5055,55,6,1
NGC5371,53,2,1
NGC5585,51,2,1
NGC5907,88,2,1
NGC5985,60,2,1
NGC6015,60,2,2
NGC6195,62,5,1
NGC6503,74,2,1
NGC6674,54,6,1
NGC6789,43,7,2
NGC6946,38,2,1
NGC7331,75,2,1
NGC7793,47,9,1
NGC7814,90,1,1
PGC51017,66,3,3
UGC00128,57,10,1
UGC00191,45,5,1
UGC00634,37,8,2
UGC00731,57,3,1
UGC00891,60,5,2
UGC01230,22,10,1
UGC01281,90,1,1
UGC02023,19,10,2
UGC02259,41,3,2
UGC02455,51,5,3
UGC02487,36,5,1
UGC02885,64,4,1
UGC02916,50,5,2
UGC02953,50,4,2
UGC03205,67,4,1
UGC03546,55,5,1
UGC03580,63,4,2
UGC04278,90,3,1
UGC04305,40,10,3
UGC04325,41,3,1
UGC04483,58,3,2
UGC04499,50,3,1
UGC05005,41,10,1
UGC05253,37,4,2
UGC05414,55,3,1
UGC05716,54,10,2
UGC05721,61,5,1
UGC05750,64,10,1
UGC05764,60,10,2
UGC05829,34,10,2
UGC05918,46,5,2
UGC05986,90,3,2
UGC05999,22,10,2
UGC06399,75,2,1
UGC06446,51,3,1
UGC06614,36,10,1
UGC06628,20,10,2
UGC06667,89,1,1
UGC06786,64,3,1
UGC06787,66,3,2
UGC06818,75,3,2
UGC06917,56,2,1
UGC06923,65,2,2
UGC06930,32,5,1
UGC06973,71,3,3
UGC06983,49,1,1
UGC07089,80,3,2
UGC07125,90,3,1
UGC07151,90,3,1
UGC07232,59,5,2
UGC07261,30,10,2
UGC07323,47,3,1
UGC07399,55,3,1
UGC07524,46,3,1
UGC07559,61,3,2
UGC07577,63,3,2
UGC07603,78,3,1
UGC07608,25,10,1
UGC07690,41,5,2
UGC07866,44,5,2
UGC08286,90,3,1
UGC08490,50,3,1
UGC08550,90,3,1
UGC08699,73,9,2
UGC08837,80,5,2
UGC09037,65,5,2
UGC09133,53,6,1
UGC09992,30,10,2
UGC10310,34,6,1
UGC11455,90,1,1
UGC11557,30,10,2
UGC11820,45,10,1
UGC11914,31,5,1
UGC12506,86,4,2
UGC12632,46,3,1
UGC12732,39,6,1
UGCA281,67,3,3
UGCA442,64,7,1
UGCA444,78,4,2
