# Source: Sanchis et al. 2020, A&A 633, A114, Tables 1 (M*), 2 (F_cont), 3 (Mdust). Region: Lupus. ALMA Band 7 (~890 um)
# URL: https://arxiv.org/pdf/1911.06005 (extracted via WebFetch). NOTE: an erratum to this paper exists (not checked).
# Mdust: optically thin, T_dust=20 K, kappa_890um=2 cm2/g. No flux errors tabulated. Sz102 M* listed as '-' in Table 1.
# Units: Mstar Msun, F_cont mJy, Mdust Earth masses. upper=1 => 3-sigma upper limit. class: BD/star as grouped in Table 1
name,region,class,Mstar_Msun,Mstar_err,Fcont_mJy,F_upper,Mdust_Mearth,Mdust_err,Mdust_upper
J154518.5-342125,Lupus,BD,0.09,0.02,5.65,0,2.3,0.2,0
SONYC-Lup3-7,Lupus,BD,0.02,0.01,0.52,0,0.21,0.02,0
Lup706,Lupus,BD,0.05,0.01,0.79,0,0.35,0.04,0
AKC2006-18,Lupus,BD,0.07,0.02,0.23,1,0.06,,1
SONYC-Lup3-10,Lupus,BD,0.03,0.01,0.24,1,0.08,,1
Lup818s,Lupus,BD,0.09,0.02,7.44,0,3.2,0.3,0
J161019.8-383607,Lupus,BD,0.09,0.02,1.24,1,0.45,,1
J160855.3-384848,Lupus,BD,0.09,0.02,1.81,0,0.79,0.08,0
Lup607,Lupus,BD,0.10,0.02,0.95,1,0.38,,1
Sz102,Lupus,star,,,14.69,0,6.4,0.6,0
V1094 Sco,Lupus,star,0.86,0.18,553.17,0,260,26,0
GQ Lup,Lupus,star,0.85,0.17,78.00,0,31.6,3.2,0
Sz76,Lupus,star,0.23,0.04,12.00,0,6.1,0.6,0
Sz77,Lupus,star,0.75,0.15,4.88,0,2.1,0.2,0
RXJ1556.1-3655,Lupus,star,0.5,0.14,57.52,0,24.3,2.4,0
EX Lup,Lupus,star,0.56,0.13,41.78,0,18.5,1.9,0
